﻿Designator,Quantity,Value,Footprint,Package,MPN,DNP,Mount_Type,MF,Description_1,Price,STANDARD,PARTREV,MP,MANUFACTURER,Function,Description,Dielectric,Voltage,Sim.Device,Sim.Pins,MAXIMUM_PACKAGE_HEIGHT,Check_prices,SnapEDA_Link,Availability,Current,Part number,Manufacturer,Number_of_Positions,Comment,Product_Type,EU_RoHS_Compliance,Centerline_Pitch,Saturation,Manufacturer Part,Supplier Part,Supplier,Tolerance,Purchase-URL,CL
AE1,1,2450AT18A100E,Johanson_2450AT18x100,Package,,,smt,Johanson Technology,2.4GHz - Chip RF Antenna 2.4GHz ~ 2.5GHz 0.5dBi Solder Surface Mount,None,IPC-7351B,1.3,2450AT18A100E,JOHANSON DESIGN,ESP32,,,,,,,,,,,,,,,,,,,,,,,,
"C1, C5, C61, C65",4,22uF,C_0805_2012Metric,,,,smt,,,,,,,,"[C1,C5]5V_BUCK; [C61,C65]3.3V_BUCK",Unpolarized capacitor,X5R,[C61]10V; [C65]25V,,,,,,,,,,,,,,,,,,,,,
"C10, C7, C78",3,4.7uF,C_0603_1608Metric,,,,smt,,,,,,,,[C10]0.9V_LDO; [C7]1.8V_LDO; [C78]USB,Unpolarized capacitor,X7R,"[C10,C7]10V; [C78]25V",,,,,,,,,,,,,,,,,,,,,
"C11, C66, C73",3,100nF,C_0805_2012Metric,,,,smt,,,,,,,,[C11]5V_BUCK; [C66]3.3V_BUCK; [C73]AUDIO,Unpolarized capacitor,X7R,50V,,,,,,,,,,,,,,,,,,,,,
"C12, C25, C76, C77, C79, C8",6,100nF,C_0603_1608Metric,,,,smt,,,,,,,,"[C12]0.9V_LDO; [C25]ESP32; [C76,C77,C79]USB; [C8]1.8V_LDO",Unpolarized capacitor,"[C8]NP0; [C25,C76,C77,C79]X7R","[C8]50V; [C25,C76,C77,C79]25V",,,,,,,,,,,,,,,,,,,,,
C13,1,1.2pF,C_0402_1005Metric,,,,smt,,,,,,,,ESP32,Unpolarized capacitor,X5R,,,,,,,,,,,,,,,,,,,,,,
C14,1,2.4pF,C_0402_1005Metric,,,,smt,,,,,,,,ESP32,Unpolarized capacitor,NP0,50V,,,,,,,,,,,,,,,,,,,,,
"C15, C16, C19, C20, C21, C23, C30, C37, C38, C39, C40, C41, C42, C43, C45, C46, C47, C48, C49, C50, C51, C52, C56, C57, C58, C67, C68, C69, C70, C75",30,100nF,C_0402_1005Metric,,,,smt,,,,,,,,"[C15,C16,C19,C20,C21,C23,C30]ESP32; [C37,C38,C39,C40,C41,C42,C43,C45,C46,C47,C48,C49,C50,C51,C52,C56,C57]XMOS; [C58,C67,C68,C69,C70]MIC; [C75]USB",Unpolarized capacitor,X7R,25V,,,,,,,,,,,,,,,,,,,,,
"C17, C22, C24, C28, C44, C53, C60",7,1uF,C_0402_1005Metric,,,,smt,,,,,,,,"[C17,C22,C24,C28]ESP32; [C44,C53]XMOS; [C60]MIC",Unpolarized capacitor,X5R,10V,,,,,,,,,,,,,,,,,,,,,
C18,1,10uF,C_0402_1005Metric,,,,smt,,,,,,,,ESP32,Unpolarized capacitor,X5R,10V,,,,,,,,,,,,,,,,,,,,,
"C2, C63",2,10uF,C_0805_2012Metric,,,,smt,,,,,,,,[C2]5V_BUCK; [C63]3.3V_BUCK,Unpolarized capacitor,X5R,10V,,,,,,,,,,,,,,,,,,,,,
"C26, C27, C29",3,12pF,C_0402_1005Metric,,,,smt,,,,,,,,ESP32,Unpolarized capacitor,NP0,50V,,,,,,,,,,,,,,,,,,,,,
"C3, C62",2,10nF,C_0402_1005Metric,,,,smt,,,,,,,,[C3]5V_BUCK; [C62]3.3V_BUCK,Unpolarized capacitor,NP0,50V,,,,,,,,,,,,,,,,,,,,,
"C31, C32, C33, C34, C35, C36",6,0.1uF,C_0402_1005Metric,,,,smt,,,,,,,,LED,Unpolarized capacitor,X5R,10V,,,,,,,,,,,,,,,,,,,,,
"C4, C64",2,220pF,C_0603_1608Metric,,,,smt,,,,,,,,[C4]5V_BUCK; [C64]3.3V_BUCK,Unpolarized capacitor,NP0,50V,,,,,,,,,,,,,,,,,,,,,
"C54, C55",2,20pF,C_0402_1005Metric,,,,smt,,,,,,,,XMOS,Unpolarized capacitor,NP0,50V,,,,,,,,,,,,,,,,,,,,,
C59,1,2.2uF,C_0402_1005Metric,,,,smt,,,,,,,,MIC,Unpolarized capacitor,X7R,10V,,,,,,,,,,,,,,,,,,,,,
"C6, C9",2,2.2uF,C_0603_1608Metric,,,,smt,,,,,,,,[C6]1.8V_LDO; [C9]0.9V_LDO,Unpolarized capacitor,X7R,10V,,,,,,,,,,,,,,,,,,,,,
"C71, C72",2,10nF,C_0805_2012Metric,,,,smt,,,,,,,,AUDIO,Unpolarized capacitor,X7R,50V,,,,,,,,,,,,,,,,,,,,,
C74,1,47uF,C_0805_2012Metric,,,,smt,,,,,,,,AUDIO,Unpolarized capacitor,X5R,10V,,,,,,,,,,,,,,,,,,,,,
D1,1,LRB520S-30T1G,D_SOD-523,,,,smt,,,,,,,,ESP32,Diode,,,D,1=K 2=A,,,,,,,,,,,,,,,,,,,
D10,1,TPD1E10B06DPYR,TPD1E05U06DPYR,,,,smt,,,,,,,,USB,"TPD1E10B06DPYR, 5.5V TVS",,5.5V,,,,,,,,,,,,,,,,,,,,,
"D11, D12, D3, D4, D5, D6, D7, D8, D9",9,PESD0402-050,D_0402_1005Metric,,,,smt,,,,,,,,MIC,"PESD0402-050, 5V TVS, 0.3pF",,,,,,,,,,,,,,,,,,,,,,,
D2,1,RB521S30T1G,DIOM168X70N,SOD-523-2 ON Semiconductor,,,smt,ON Semiconductor,Diode Schottky 30 V 200mA (DC) Surface Mount SOD-523,None,IPC-7351B,7/11/1905,RB521S30T1G,ON SEMICONDUCTOR,MIC,,,,,,0.7 mm,https://www.snapeda.com/parts/RB521S30T1G/Onsemi/view-part/?ref=eda,https://www.snapeda.com/parts/RB521S30T1G/Onsemi/view-part/?ref=snap,In Stock,,,,,,,,,,,,,,,
"FB1, FB2",2,120R,BLM18PG121SN1D,,,,smt,,,,,,,,[FB1]ESP32; [FB2]XMOS,"Ferrite bead, 120Ω @ 100MHz, 2A",,,,,,,,,2A,[FB1]BLM18PG121SN1D; [FB2]BLM18AG121SN1D,Murata,,,,,,,,,,,,
"FB3, FB4, FB5, FB6",4,600R,BLM18PG121SN1D,,,,smt,,,,,,,,"[FB3,FB4]XMOS; [FB5,FB6]AUDIO","Ferrite bead, 600Ω @ 100MHz, 500mA",,,,,,,,,500mA,BLM18AG601SN1D,Murata,,,,,,,,,,,,
FB7,1,0R,TPD1E05U06DPYR,,,,smt,,,,,,,,USB,"Ferrite bead, 30Ω @ 100MHz, 6A",,,,,,,,,6A,BLM18PG300SN1D,Murata,,,,,,,,,,,,
J1,1,1775443-2,1775443-2,None,,,smt,TE Connectivity,Connector Header Surface Mount 2 position 0.059 (1.50mm),None,Manufacturer Recommendations,B5,1775443-2,TE Connectivity,AUDIO,,,,,,5mm,https://www.snapeda.com/parts/1775443-2/TE+Connectivity/view-part/?ref=eda,https://www.snapeda.com/parts/1775443-2/TE+Connectivity/view-part/?ref=snap,In Stock,,,,2,1775443-2,Connector,Compliant,1.5 mm[.059 in],,,,,,,
J2,1,TE_2345986-1,usb_c,None,,,smt,TE Connectivity,USB TYPE C 3.1 TOP MOUNT DUAL SMT 1.63CH,None,Manufacturer Recommendations,C,2345986-1,TE Connectivity,,,,,,,3.16mm,https://www.snapeda.com/parts/2345986-1/TE+Connectivity/view-part/?ref=eda,https://www.snapeda.com/parts/2345986-1/TE+Connectivity/view-part/?ref=snap,In Stock,,,,,,,,,,,,,,,
"L1, L3",2,2.2uH,L_Coilcraft_XxL4020,,,,smt,,,,,,,,[L1]3.3V_BUCK; [L3]5V_BUCK,Inductor,,,,,,,,,,,,,,,,,4.2A,,,,,,
L2,1,3.3nH,L_0402_1005Metric,,,,smt,,,,,,,,ESP32,Inductor,,,,,,,,,,,,,,,,,,,,,,,
L4,1,2.7nH,L_0402_1005Metric,,,,smt,,,,,,,,ESP32,Inductor,,,,,,,,,,,,,,,,,,,,,,,
L5,1,2.2nH,L_0402_1005Metric,,,,smt,,,,,,,,ESP32,Inductor,,,,,,,,,,,,,,,,,1A,,,,,,
"LED1, LED6",2,SK6812D-EC3210R,LED-SMD_4P_SK6812D-EC3210R,,,,tht,,,,,,,,LED,,,,,,,,,,,,欧思科光电,,,,,,,SK6812D-EC3210R,C2890041,LCSC,,,
"LED2, LED3, LED4, LED5",4,SK6812MINI-E,SK6812MINI-E,Package,,,smt,"DONGGUANG OPSCO OPTOELECTRONICS CO., LTD","SK6812MINI-E is a smart LED control circuit and light emitting circuit in one controlled LED source, which has the shape of a 3528  LED chip.",None,Manufacturer recommendations,2,SK6812-E,DONGGUANG OPSCO,LED,,,,,,0.84mm,https://www.snapeda.com/parts/SK6812-E/DONGGUANG+OPSCO+OPTOELECTRONICS+CO.%252C+LTD/view-part/?ref=eda,https://www.snapeda.com/parts/SK6812-E/DONGGUANG+OPSCO+OPTOELECTRONICS+CO.%252C+LTD/view-part/?ref=snap,Not in stock,,,,,,,,,,,,,,,
"MK1, MK2",2,T3902,MIC_T3902,None,,,smt,TDK InvenSense,EVAL BOARD FOR MMICT390200012,None,Manufacturer Recommendations,1.0,T3902,TDK InvenSense,MIC,,,,,,0.98mm,https://www.snapeda.com/parts/T3902/TDK/view-part/?ref=eda,https://www.snapeda.com/parts/T3902/TDK/view-part/?ref=snap,Not in stock,,,,,,,,,,,,,,,
POWER_IN2,1,FH34SRJ-10S-0.5SH_50_,HRS_FH34SRJ-10S-0.5SH_50_,None,,,smt,Hirose Electric,"10 Position FFC, FPC Connector Contacts, Top and Bottom 0.020 (0.50mm) Surface Mount, Right Angle",None,Manufacturer Recommendations,Apr.1.2022,FH34SRJ-10S-0.5SH(50),Hirose,,,,,,,1.75 mm,https://www.snapeda.com/parts/FH34SRJ-10S-0.5SH(50)/Hirose/view-part/?ref=eda,https://www.snapeda.com/parts/FH34SRJ-10S-0.5SH(50)/Hirose/view-part/?ref=snap,In Stock,,,,,,,,,,,,,,,
Q1,1,LBSS138WT1G,SC-70-3_L2.1-W1.3-P0.65-LS2.1-BR,,,,tht,,,,,,,,XMOS,,,,,,,,,,200mA,,LRC(乐山无线电),,,,,,,LBSS138WT1G,C383201,LCSC,,,
Q2,1,BC847B,SOT-23,,,,smt,,,,,,,,MIC,"NPN transistor, base/collector/emitter",,,,,,,,,,,,,,,,,,,,,,,
"R1, R108, R2, R22, R3, R30, R76, R77",8,100k,R_0402_1005Metric,,,,smt,,,,,,,,"[R3]5V_BUCK; [R76,R77]3.3V_BUCK; [R22]USB; [R30]XMOS",Resistor,,,,,,,,,,,,,,,,,,,,,1%,,
"R10, R11, R12, R13, R51, R6",6,100R,R_0402_1005Metric,,,,smt,,,,,,,,[R6]MIC; [R51]XMOS,Resistor,,,,,,,,,,,,,,,,,,,,,"[R10,R11,R12,R13,R51]5%; [R6]1%",,
"R14, R23, R24, R5",4,10k,R_0402_1005Metric,,,,smt,,,,,,,,"[R14]USB; [R23,R24]ESP32; [R5]MIC",Resistor,,,,,,,,,,,,,,,,,,,,,1%,,
"R15, R17",2,0R,R_0402_1005Metric,,,,smt,,,,,,,,ESP32,Resistor,,,,,,,,,,,,,,,,,,,,,5%,,
R16,1,499R,R_0402_1005Metric,,,,smt,,,,,,,,ESP32,Resistor,,,,,,,,,,,,,,,,,,,,,5%,,
"R18, R19",2,22R,R_0402_1005Metric,,,,smt,,,,,,,,USB,Resistor,,,,,,,,,,,,,,,,,,,,,5%,,
"R20, R21",2,5.1k,R_0402_1005Metric,,,,smt,,,,,,,,USB,Resistor,,,,,,,,,,,,,,,,,,,,,1%,,
"R25, R26, R27, R28, R50",5,4.7k,R_0402_1005Metric,,,,smt,,,,,,,,"[R25,R26,R27,R28]ESP32; [R50]XMOS",Resistor,,,,,,,,,,,,,,,,,,,,,5%,,
"R29, R4, R55",3,47k,R_0402_1005Metric,,,,smt,,,,,,,,"[R29]XMOS; [R4,R55]MIC",Resistor,,,,,,,,,,,,,,,,,,,,,"[R29]1%; [R4,R55]5%",,
R31,1,680R,R_0402_1005Metric,,,,smt,,,,,,,,XMOS,Resistor,,,,,,,,,,,,,,,,,,,,,5%,,
R32,1,1M,R_0402_1005Metric,,,,smt,,,,,,,,XMOS,Resistor,,,,,,,,,,,,,,,,,,,,,5%,,
"R44, R7",2,49.9,R_0603_1608Metric,,,,smt,,,,,,,,[R44]3.3V_BUCK; [R7]5V_BUCK,Resistor,,,,,,,,,,,,,,,,,,,,,1%,,
R46,1,100k,R_0603_1608Metric,,,,smt,,,,,,,,3.3V_BUCK,Resistor,,,,,,,,,,,,,,,,,,,,,1%,,
R47,1,22.1k,R_0603_1608Metric,,,,smt,,,,,,,,3.3V_BUCK,Resistor,,,,,,,,,,,,,,,,,,,,,1%,,
R52,1,1k,R_0402_1005Metric,,,,smt,,,,,,,,XMOS,Resistor,,,,,,,,,,,,,,,,,,,,,5%,,
R53,1,470k,R_0402_1005Metric,,,,smt,,,,,,,,MIC,Resistor,,,,,,,,,,,,,,,,,,,,,1%,,
R54,1,3.3k,R_0402_1005Metric,,,,smt,,,,,,,,MIC,Resistor,,,,,,,,,,,,,,,,,,,,,1%,,
R8,1,210k,R_0603_1608Metric,,,,smt,,,,,,,,5V_BUCK,Resistor,,,,,,,,,,,,,,,,,,,,,1%,,
R9,1,40k,R_0603_1608Metric,,,,smt,,,,,,,,5V_BUCK,Resistor,,,,,,,,,,,,,,,,,,,,,1%,,
SW1,1,CHS-01TA,CHS-01TA,None,,,smt,Nidec Copal,Dip Switch SPST 1 Position Surface Mount Slide (Standard) Actuator 100mA 6VDC,None,,,CHS-01TA,,USB,,,,,,,https://www.snapeda.com/parts/CHS-01TA/Nidec/view-part/?ref=eda,https://www.snapeda.com/parts/CHS-01TA/Nidec/view-part/?ref=snap,In Stock,,,,,,,,,,,,,,,
"U1, U3",2,TPS62130,VQFN-16-1EP_3x3mm_P0.5mm_EP1.68x1.68mm_ThermalVias,,,,smt,,,,,,,,[U1]3.3V_BUCK; [U3]5V_BUCK,"3A Step-Down Converter with DCS-Control, Adjustable Output Voltage, 3-17V Input Voltage, QFN-16",,,,,,,,,,,,,,,,,,,,,,,
U10,1,SN74LVC125APWR,SOP65P640X120-14N,TSSOP-14 Texas Instruments,,,smt,Texas Instruments,Four-channel 1.65V-to-3.6V buffers with 3-state outputs,None,,,SN74LVC125APWR,,MIC,,,,,,,https://www.snapeda.com/parts/SN74LVC125APWR/Texas+Instruments/view-part/?ref=eda,https://www.snapeda.com/parts/SN74LVC125APWR/Texas+Instruments/view-part/?ref=snap,In Stock,,,,,,,,,,,,,,,
U11,1,MAX98357AETE_T,max98357aete,TQFN-16 Maxim,,,smt,Analog Devices,"Tiny, Low-Cost, PCM Class D Amplifier with Class AB Performance",None,,,MAX98357AETE+T,,AUDIO,,,,,,,https://www.snapeda.com/parts/MAX98357AETE+T/Analog+Devices/view-part/?ref=eda,https://www.snapeda.com/parts/MAX98357AETE+T/Analog+Devices/view-part/?ref=snap,In Stock,,,,,,,,,,,,,,,
U12,1,FSUSB42MUX,MSOP-10_3x3mm_P0.5mm,,,,smt,,,,,,,,,"Low-Power, Two-Port, High-Speed, USB2.0 (480Mbps) or UART Switch, MSOP-10",,,,,,,,,,,,,,,,,,,,,,,
U13,1,AP22802AW5-7,SOT-23-5,,,,smt,,,,,,,,,,,,,,,,,,,,DIODES(美台),,,,,,,AP22802AW5-7,C211404,LCSC,,,
U2,1,MIC5365-1.8YC5-TR,SOT65P210X110-5N,SC-70-5 Microchip,,,smt,Microchip Technology,Linear Voltage Regulator IC Positive Fixed 1 Output  150mA SC-70-5,None,IPC 7351B,"3.1 - July 16, 2013",MIC5365-1.8YC5-TR,Micrel,1.8V_LDO,,,,,,1.10mm,,,In Stock,,,,,,,,,,,,,,,
U4,1,MIC5365-0.9YC5-TR,SOT65P210X110-5N,SC-70-5 Microchip,,,smt,Microchip Technology,Linear Voltage Regulator IC Positive Fixed 1 Output  150mA SC-70-5,None,IPC 7351B,"3.1 - July 16, 2013",MIC5365-0.9YC5-TR,Micrel,0.9V_LDO,,,,,,1.10mm,,,,,,,,,,,,,,,,,,
U5,1,ESP32-S3R8,QFN40P700X700X90-57N,None,,,smt,Espressif Systems,"IC RF TxRx + MCU Bluetooth, WiFi 802.11b/g/n, Bluetooth v5.0 2.412GHz ~ 2.484GHz 56-VFQFN Exposed Pad",None,,,ESP32-S3R8,,ESP32,,,,,,,https://www.snapeda.com/parts/ESP32-S3R8/Espressif+Systems/view-part/?ref=eda,https://www.snapeda.com/parts/ESP32-S3R8/Espressif+Systems/view-part/?ref=snap,In Stock,,,,,,,,,,,,,,https://pricing.snapeda.com/search/part/ESP32-S3R8/?ref=eda,
"U6, U8",2,W25Q128JVSIQ,SOIC-8_5.3x5.3mm_P1.27mm,,,,smt,,,,,,,,[U6]ESP32; [U8]XMOS,"128Mbit / 16MiB Serial Flash Memory, Standard/Dual/Quad SPI, 2.7-3.6V, SOIC-8",,,,,,,,,,,,,,,,,,,,,,,
U7,1,XU316-1024-QF60B-C24,XU316-1024-QF60B-C24,,,,smt,,,,,,,,XMOS,,,,,,,,,,,,,,,,,,,,,,,,
U9,1,TLV73333PDBVR,TLV73333PDBVR,SOT-23-5 Texas Instruments,,,smt,Texas Instruments,"300-mA, capacitor-free, low-IQ, low-dropout voltage regulator with enable",None,IPC-7351B,C,TLV73333PDBVR,Texas Instruments,MIC,,,,,,1.45mm,https://www.snapeda.com/parts/TLV73333PDBVR/Texas+Instruments/view-part/?ref=eda,https://www.snapeda.com/parts/TLV73333PDBVR/Texas+Instruments/view-part/?ref=snap,In Stock,,,,,,,,,,,,,,,
Y1,1,40MHz,Crystal_SMD_3225-4Pin_3.2x2.5mm,,,,smt,,,,,,,,ESP32,"±10ppm, 18pF, 50Ω, ABM8G-40.000MHZ-B2-T",,,,,,,,,,,,,,,,,,,,,10ppm,,
Y2,1,24MHz,Crystal_SMD_3225-4Pin_3.2x2.5mm,,,,smt,,,,,,,,XMOS,"±10ppm, 12pF, 50Ω",,,,,,,,,,,,,,,,,,,,,10ppm,,12pF
